gvkey,datadate,fyear,indfmt,consol,popsrc,datafmt,tic,conm,curcd,act,ao,at,ceq,dltt,intan,ivaeq,ivao,lct,lo,lt,mibn,ppent,pstk,revt,teq,txditc,costat,plot_act,plot_ppent,plot_ivaeq,plot_ivao,plot_intan,plot_ao,plot_lct,plot_txditc,plot_lo,plot_dltt,plot_ceq,plot_pstk,plot_mibn
1690,9/30/2010,2010,INDL,C,D,STD,AAPL,APPLE INC,USD,41678,2263,75183,47791,0,1083,0,25391,20722,2370,27392,0,4768,0,65225,47791,4300,A,0.554354043,0.063418592,0,0.337722623,0.014404852,0.03009989,0.275620819,0.057193781,0.031523084,0,0.635662317,0,0
1690,9/30/2011,2011,INDL,C,D,STD,AAPL,APPLE INC,USD,44988,3556,116371,76615,0,4432,0,55618,27970,3627,39756,0,7777,0,108249,76615,8159,A,0.386591161,0.066829365,0,0.477936943,0.03808509,0.030557441,0.240351978,0.070111969,0.031167559,0,0.658368494,0,0
1690,9/30/2012,2012,INDL,C,D,STD,AAPL,APPLE INC,USD,57653,5478,176064,118210,0,5359,0,92122,38542,5465,57854,0,15452,0,156508,118210,13847,A,0.327454789,0.087763541,0,0.523230189,0.030437795,0.031113686,0.218909033,0.078647537,0.031039849,0,0.671403581,0,0
1690,9/30/2013,2013,INDL,C,D,STD,AAPL,APPLE INC,USD,73286,5146,207000,123549,16960,5756,0,106215,43658,6344,83451,0,16597,0,170910,123549,16489,A,0.354038647,0.080178744,0,0.513115942,0.027806763,0.024859903,0.210908213,0.079657005,0.030647343,0.081932367,0.596855072,0,0
1690,9/30/2014,2014,INDL,C,D,STD,AAPL,APPLE INC,USD,68531,3764,231839,111547,28987,8758,0,130162,63448,7598,120292,0,20624,0,182795,111547,20259,A,0.295597376,0.088958286,0,0.561432718,0.037776215,0.016235405,0.273672678,0.087383917,0.032772743,0.125030733,0.481139929,0,0
1690,9/30/2015,2015,INDL,C,D,STD,AAPL,APPLE INC,USD,89378,5556,290479,119355,53463,9009,0,164065,80610,12989,171124,0,22471,0,233715,119355,24062,A,0.307691778,0.077358432,0,0.564808472,0.03101429,0.019127028,0.277507152,0.082835592,0.044715797,0.184051171,0.410890288,0,0
1690,9/30/2016,2016,INDL,C,D,STD,AAPL,APPLE INC,USD,106869,8757,321686,128249,75427,8620,0,170430,79006,12985,193437,0,27010,0,215091,128249,26019,A,0.332215266,0.083963865,0,0.529802354,0.026796317,0.027222198,0.245599746,0.080883222,0.04036545,0.23447399,0.398677592,0,0
1690,9/30/2017,2017,INDL,C,D,STD,AAPL,APPLE INC,USD,128645,10162,375319,134047,97207,8015,0,194714,100814,11747,241272,0,33783,0,229234,134047,31504,A,0.342761757,0.09001143,0,0.518796011,0.021355167,0.027075634,0.268608837,0.083939262,0.031298709,0.258998345,0.357154847,0,0
1690,9/30/2018,2018,INDL,C,D,STD,AAPL,APPLE INC,USD,131339,22283,365725,107147,93735,0,0,170799,116866,47551,258578,0,41304,0,265359,107147,426,A,0.359119557,0.112937316,0,0.467014834,0,0.060928293,0.319546107,0.00116481,0.130018456,0.256299132,0.292971495,0,0
1690,9/30/2019,2019,INDL,C,D,STD,AAPL,APPLE INC,USD,162819,32978,338516,90488,91807,0,0,105341,105718,44303,248028,0,37378,0,260174,90488,6200,A,0.480978743,0.110417233,0,0.3111847,0,0.097419324,0.312298385,0.018315235,0.130874168,0.271204315,0.267307897,0,0
1690,9/30/2020,2020,INDL,C,D,STD,AAPL,APPLE INC,USD,143713,33952,323888,65339,107049,0,0,100887,105392,43308,258549,0,45336,0,274515,65339,2800,A,0.443712024,0.139974312,0,0.311487304,0,0.10482636,0.325396433,0.008644964,0.133712888,0.330512399,0.201733315,0,0
1690,9/30/2021,2021,INDL,C,D,STD,AAPL,APPLE INC,USD,134836,38762,351002,63090,119381,0,0,127877,125481,43050,287912,0,49527,0,365817,63090,0,A,0.384145959,0.14110176,0,0.364319861,0,0.110432419,0.357493689,0,0.122648874,0.340114871,0.179742566,0,0
1690,9/30/2022,2022,INDL,C,D,STD,AAPL,APPLE INC,USD,135405,44011,352755,50672,109707,0,0,120805,153982,38394,302083,0,52534,0,394328,50672,0,A,0.383849981,0.148924891,0,0.342461482,0,0.124763646,0.436512594,0,0.108840413,0.311000553,0.14364644,0,0
2136,12/31/2010,2010,INDL,C,D,STD,VZ,VERIZON COMMUNICATIONS INC,USD,22348,3179,220005,38569,45252,100814,3473,2480,30597,34426,133093,48343,87711,0,106800,86912,22818,A,0.10157951,0.398677303,0.015786005,0.011272471,0.45823504,0.014449672,0.139074112,0.103715825,0.156478262,0.205686234,0.175309652,0,0.219735915
2136,12/31/2011,2011,INDL,C,D,STD,VZ,VERIZON COMMUNICATIONS INC,USD,30939,3291,230461,35970,50303,102485,3403,1909,30761,38429,144553,49938,88434,0,110875,85908,25060,A,0.134248311,0.383726531,0.014766056,0.008283397,0.444695632,0.014280073,0.133475946,0.108738572,0.166748387,0.218271204,0.156078469,0,0.216687422
2136,12/31/2012,2012,INDL,C,D,STD,VZ,VERIZON COMMUNICATIONS INC,USD,21235,2673,225222,33157,47618,107816,3306,1550,26956,40438,139689,52376,88642,0,115846,85533,24677,A,0.09428475,0.393576116,0.01467885,0.006882099,0.478709895,0.01186829,0.119686354,0.109567449,0.179547291,0.211426948,0.147219188,0,0.23255277
2136,12/31/2013,2013,INDL,C,D,STD,VZ,VERIZON COMMUNICATIONS INC,USD,70994,3353,274098,38836,89658,106181,3329,1285,27050,33335,178682,56580,88956,0,120550,95416,28639,A,0.259009551,0.324540858,0.012145291,0.004688104,0.387383345,0.012232851,0.098687331,0.104484527,0.121617086,0.327101985,0.14168655,0,0.20642252
2136,12/31/2014,2014,INDL,C,D,STD,VZ,VERIZON COMMUNICATIONS INC,USD,29623,3199,232708,12298,110536,105708,677,3554,28064,38854,219032,1378,89947,0,127079,13676,41578,A,0.12729687,0.386523025,0.002909225,0.015272358,0.45425168,0.013746842,0.120597487,0.178670265,0.166964608,0.474998711,0.052847345,0,0.005921584
2136,12/31/2015,2015,INDL,C,D,STD,VZ,VERIZON COMMUNICATIONS INC,USD,22280,14805,244640,16428,103705,120244,796,2974,35052,42557,226798,1414,83541,0,131620,17842,45484,A,0.091072596,0.341485448,0.003253761,0.012156638,0.491514061,0.060517495,0.143279922,0.185922171,0.173957652,0.4239086,0.067151733,0,0.005779922
2136,12/31/2016,2016,INDL,C,D,STD,VZ,VERIZON COMMUNICATIONS INC,USD,26395,3992,244180,22524,105433,122775,1110,5157,30340,38411,220148,1508,84751,0,125980,24032,45964,A,0.108096486,0.347084118,0.004545827,0.021119666,0.502805308,0.016348595,0.124252601,0.188238185,0.157306086,0.43178393,0.092243427,0,0.006175772
2136,12/31/2017,2017,INDL,C,D,STD,VZ,VERIZON COMMUNICATIONS INC,USD,29913,4310,257143,43096,113642,127836,1039,5477,33037,34545,212456,1591,88568,0,126034,44687,31232,A,0.116328269,0.34443092,0.004040553,0.021299433,0.497139724,0.016761102,0.128477151,0.12145771,0.134341592,0.441940866,0.167595462,0,0.006187219
2136,12/31/2018,2018,INDL,C,D,STD,VZ,VERIZON COMMUNICATIONS INC,USD,34636,5520,264829,53145,105873,128519,671,6197,37930,32521,210119,1565,89286,0,130863,54710,33795,A,0.130786281,0.337145856,0.00253371,0.023400005,0.485290508,0.020843639,0.143224496,0.127610647,0.122799995,0.399778725,0.200676663,0,0.005909474
2136,12/31/2019,2019,INDL,C,D,STD,VZ,VERIZON COMMUNICATIONS INC,USD,37473,3875,291727,61395,119105,128946,558,6266,44868,30216,228892,1440,114609,0,131868,62835,34703,A,0.128452286,0.392863876,0.001912747,0.021478985,0.442009139,0.013282967,0.153801328,0.118957107,0.103576289,0.408275545,0.210453609,0,0.004936122
2136,12/31/2020,2020,INDL,C,D,STD,VZ,VERIZON COMMUNICATIONS INC,USD,54594,8023,316481,67842,141173,130283,187,6030,39660,30665,247209,1430,117364,0,128292,69272,35711,A,0.172503247,0.370840588,0.000590873,0.019053277,0.411661364,0.025350653,0.12531558,0.112837737,0.096893652,0.446071012,0.214363579,0,0.004518439
2136,12/31/2021,2021,INDL,C,D,STD,VZ,VERIZON COMMUNICATIONS INC,USD,36728,5340,366596,81790,166628,187899,253,8797,47160,28923,283396,1410,127579,0,133613,83200,40685,A,0.100186581,0.348009798,0.000690133,0.023996443,0.512550601,0.014566444,0.128642975,0.11098048,0.078896115,0.4545276,0.223106635,0,0.003846196
2136,12/31/2022,2022,INDL,C,D,STD,VZ,VERIZON COMMUNICATIONS INC,USD,37857,4805,379680,91144,162234,189928,267,13259,50171,31371,287217,1319,133564,0,136835,92463,43441,A,0.099707649,0.351780447,0.000703224,0.034921513,0.500231774,0.012655394,0.132140223,0.11441477,0.082624842,0.427291403,0.240054783,0,0.003473978
3144,12/31/2010,2010,INDL,C,D,STD,KO,COCA-COLA CO,USD,21579,2121,72921,31003,14041,26909,6954,631,18508,4794,41604,314,14727,0,35119,31317,4261,A,0.295922985,0.201958284,0.095363476,0.0086532,0.369015784,0.029086271,0.253808916,0.058433099,0.065742379,0.192550843,0.425158733,0,0.00430603
3144,12/31/2011,2011,INDL,C,D,STD,KO,COCA-COLA CO,USD,25497,3012,79974,31635,13656,27669,7233,1624,24283,5420,48053,286,14939,0,46565,31921,4694,A,0.318816115,0.186798209,0.090441894,0.0203066,0.345974942,0.03766224,0.303636182,0.058694076,0.067772026,0.170755496,0.395566059,0,0.003576162
3144,12/31/2012,2012,INDL,C,D,STD,KO,COCA-COLA CO,USD,30328,2914,86174,32790,14736,27337,9216,1903,27821,5468,53006,378,14476,0,48017,33168,4981,A,0.3519391,0.167985703,0.106946411,0.022083227,0.317230255,0.033815304,0.322846798,0.057801657,0.063453014,0.171002855,0.380509202,0,0.004386474
3144,12/31/2013,2013,INDL,C,D,STD,KO,COCA-COLA CO,USD,31304,3797,90055,33173,19154,27611,10393,1983,27811,3498,56615,267,14967,0,46854,33440,6152,A,0.347609794,0.166198434,0.115407251,0.022019877,0.306601521,0.042163123,0.308822386,0.068313808,0.038842929,0.212692244,0.368363778,0,0.002964855
3144,12/31/2014,2014,INDL,C,D,STD,KO,COCA-COLA CO,USD,32986,3339,92023,30320,19063,26372,9947,4746,32374,4389,61462,241,14633,0,45998,30561,5636,A,0.358453865,0.159014594,0.108092542,0.051574063,0.286580529,0.036284407,0.351803354,0.061245558,0.047694598,0.207154733,0.329482847,0,0.00261891
3144,12/31/2015,2015,INDL,C,D,STD,KO,COCA-COLA CO,USD,33395,3189,90093,25554,28407,24132,12318,4488,26930,4301,64329,210,12571,0,44294,25764,4691,A,0.370672527,0.139533593,0.136725384,0.049815191,0.267856548,0.035396757,0.298913345,0.052068418,0.047739558,0.315307516,0.283640238,0,0.002330925
3144,12/31/2016,2016,INDL,C,D,STD,KO,COCA-COLA CO,USD,34010,3033,87270,23062,29684,21128,16260,2204,26532,4081,64050,158,10635,0,41863,23220,3753,A,0.389710095,0.121863183,0.186318322,0.025254956,0.242099232,0.034754211,0.304022001,0.043004469,0.04676292,0.340139796,0.264260341,0,0.001810473
3144,12/31/2017,2017,INDL,C,D,STD,KO,COCA-COLA CO,USD,36545,3283,87896,17072,31182,16636,20856,2373,27194,8021,68919,1905,8203,0,35410,18977,2522,A,0.415775462,0.093326204,0.237280422,0.026997816,0.189269136,0.03735096,0.309388368,0.028693001,0.091255575,0.354760171,0.194229544,0,0.021673341
3144,12/31/2018,2018,INDL,C,D,STD,KO,COCA-COLA CO,USD,30634,5635,83216,16981,25364,17270,19407,2038,29223,7638,64158,2077,8232,0,31856,19058,1933,A,0.368126322,0.098923284,0.233212363,0.024490483,0.207532205,0.067715343,0.351170448,0.023228706,0.091785234,0.304797154,0.204059316,0,0.024959142
3144,12/31/2019,2019,INDL,C,D,STD,KO,COCA-COLA CO,USD,20411,5691,86381,18981,28627,26766,19025,2278,26973,7399,65283,2117,12210,0,37266,21098,2284,A,0.236290388,0.141350528,0.220245193,0.02637154,0.309859807,0.065882544,0.312256167,0.026441,0.08565541,0.331403897,0.219735822,0,0.024507704
3144,12/31/2020,2020,INDL,C,D,STD,KO,COCA-COLA CO,USD,19240,5529,87296,19299,41425,28550,19273,2379,14601,8153,66012,1985,12325,0,33014,21284,1833,A,0.22039956,0.141186309,0.220777584,0.027252108,0.327048204,0.063336235,0.167258523,0.020997526,0.093394886,0.474534916,0.221075422,0,0.022738728
3144,12/31/2021,2021,INDL,C,D,STD,KO,COCA-COLA CO,USD,22545,5600,94354,22999,39277,34613,17598,2660,19950,7446,69494,1861,11338,0,38655,24860,2821,A,0.238940585,0.120164487,0.186510376,0.028191704,0.366841893,0.059350955,0.211437777,0.029898044,0.078915573,0.41627276,0.243752252,0,0.019723594
3144,12/31/2022,2022,INDL,C,D,STD,KO,COCA-COLA CO,USD,22591,5004,92763,24105,37490,33631,18264,2026,19724,6809,66937,1721,11247,0,43004,25826,2914,A,0.243534599,0.121244462,0.196888846,0.021840605,0.362547567,0.053943922,0.21262788,0.031413387,0.073402111,0.404148206,0.259855761,0,0.018552656
3813,1/31/2011,2010,INDL,C,D,STD,TGT,TARGET CORP,USD,17213,776,43705,15487,15607,223,0,0,10070,1607,28218,0,25493,0,67390,15487,934,A,0.393845098,0.583297106,0,0,0.005102391,0.017755406,0.23040842,0.021370553,0.036769248,0.35709873,0.354353049,0,0
3813,1/31/2012,2011,INDL,C,D,STD,TGT,TARGET CORP,USD,16449,790,46630,15821,13697,242,0,0,14287,1634,30809,0,29149,0,69865,15821,1191,A,0.352755737,0.625112588,0,0,0.005189792,0.016941883,0.306390736,0.025541497,0.035041819,0.293737937,0.339288012,0,0
3813,1/31/2013,2012,INDL,C,D,STD,TGT,TARGET CORP,USD,16388,898,48163,16558,14654,224,0,0,14031,1609,31605,0,30653,0,73301,16558,1311,A,0.340261196,0.636442913,0,0,0.004650873,0.018645018,0.291323215,0.027220065,0.033407387,0.304258456,0.343790877,0,0
3813,1/31/2014,2013,INDL,C,D,STD,TGT,TARGET CORP,USD,11573,1245,44553,16231,12622,357,0,0,12777,1490,28322,0,31378,0,72596,16231,1433,A,0.259758041,0.704284784,0,0,0.008012928,0.027944246,0.286782035,0.03216394,0.033443315,0.283303032,0.364307678,0,0
3813,1/31/2015,2014,INDL,C,D,STD,TGT,TARGET CORP,USD,14087,1057,41404,13997,12705,302,0,0,11736,1645,27407,0,25958,0,72618,13997,1321,A,0.340232828,0.626944257,0,0,0.007293981,0.025528934,0.283450874,0.03190513,0.039730461,0.30685441,0.338059125,0,0
3813,1/31/2016,2015,INDL,C,D,STD,TGT,TARGET CORP,USD,14130,638,40262,12957,11945,277,0,0,12622,1915,27305,0,25217,0,73785,12957,823,A,0.350951269,0.626322587,0,0,0.006879936,0.015846207,0.313496597,0.020441111,0.047563459,0.296681735,0.321817098,0,0
3813,1/31/2017,2016,INDL,C,D,STD,TGT,TARGET CORP,USD,11990,524,37431,10953,11031,259,0,0,12708,1878,26478,0,24658,0,69495,10953,861,A,0.320322727,0.658758783,0,0,0.006919398,0.013999092,0.339504689,0.023002324,0.050172317,0.294702252,0.292618418,0,0
3813,1/31/2018,2017,INDL,C,D,STD,TGT,TARGET CORP,USD,12564,635,38999,11709,11317,782,0,0,13201,2059,27290,0,25018,0,71879,11709,713,A,0.322162107,0.641503628,0,0,0.020051796,0.016282469,0.338495859,0.01828252,0.052796226,0.290186928,0.300238468,0,0
3813,1/31/2019,2018,INDL,C,D,STD,TGT,TARGET CORP,USD,12519,574,41290,11297,12227,699,0,0,15014,1780,29993,0,27498,0,75356,11297,972,A,0.3031969,0.66597239,0,0,0.016929039,0.013901671,0.363623153,0.023540809,0.043109712,0.29612497,0.273601356,0,0
3813,1/31/2020,2019,INDL,C,D,STD,TGT,TARGET CORP,USD,12902,672,42779,11833,13613,686,0,0,14487,1724,30946,0,28519,0,78112,11833,1122,A,0.301596578,0.666658875,0,0,0.016035905,0.015708642,0.338647467,0.026227822,0.040300147,0.318216882,0.276607681,0,0
3813,1/31/2021,2020,INDL,C,D,STD,TGT,TARGET CORP,USD,20756,718,51248,14440,13754,668,0,0,20125,1939,36808,0,29106,0,93561,14440,990,A,0.405010927,0.567944115,0,0,0.013034655,0.014010303,0.392698252,0.019317827,0.037835623,0.268381205,0.281767093,0,0
3813,1/31/2022,2021,INDL,C,D,STD,TGT,TARGET CORP,USD,21573,845,53811,12827,16042,656,0,0,21747,1629,40984,0,30737,0,106005,12827,1566,A,0.400903161,0.571202914,0,0,0.012190816,0.015703109,0.404136701,0.029101856,0.030272621,0.298117485,0.238371337,0,0
3813,1/31/2023,2022,INDL,C,D,STD,TGT,TARGET CORP,USD,17846,675,53335,11232,18647,645,0,0,19500,1760,42103,0,34169,0,109120,11232,2196,A,0.334602044,0.64064873,0,0,0.012093372,0.012655855,0.365613575,0.041173713,0.032998969,0.349620324,0.210593419,0,0
4503,12/31/2010,2010,INDL,C,D,STD,XOM,EXXON MOBIL CORP,USD,58984,8640,302510,146839,12227,0,26715,8623,62633,39821,149831,5840,199548,0,341578,152679,35150,A,0.194981984,0.659641004,0.08831113,0.028504843,0,0.028561039,0.207044395,0.116194506,0.131635318,0.040418499,0.485402135,0,0.019305147
4503,12/31/2011,2011,INDL,C,D,STD,XOM,EXXON MOBIL CORP,USD,72963,9092,331052,154396,9322,0,26708,7625,77505,46863,170308,6348,214664,0,433526,160744,36618,A,0.2203974,0.648429854,0.080676148,0.023032635,0,0.027463963,0.234117299,0.110611022,0.141557822,0.028158718,0.466379904,0,0.019175235
4503,12/31/2012,2012,INDL,C,D,STD,XOM,EXXON MOBIL CORP,USD,64460,7668,333795,165863,7928,0,28489,6229,64139,52498,162135,5797,226949,0,420714,171660,37570,A,0.193112539,0.679905331,0.085348792,0.018661154,0,0.022972184,0.192150871,0.112554113,0.157276173,0.023751105,0.496900792,0,0.017366947
4503,12/31/2013,2013,INDL,C,D,STD,XOM,EXXON MOBIL CORP,USD,59308,7522,346808,174003,6891,0,30095,6233,71724,47168,166313,6492,243650,0,390247,180495,40530,A,0.171011049,0.702550114,0.086777122,0.01797248,0,0.021689234,0.206811838,0.116865816,0.13600609,0.019869784,0.50172718,0,0.018719291
4503,12/31/2014,2014,INDL,C,D,STD,XOM,EXXON MOBIL CORP,USD,52910,8676,349493,174399,11653,0,29835,5404,64633,52913,168429,6665,252668,0,364763,181064,39230,A,0.151390729,0.722955825,0.085366517,0.015462398,0,0.024824532,0.184933604,0.112248314,0.151399313,0.033342585,0.499005703,0,0.019070482
4503,12/31/2015,2015,INDL,C,D,STD,XOM,EXXON MOBIL CORP,USD,42623,8285,336758,170811,19925,0,29447,4798,53976,49229,159948,5999,251605,0,236810,176810,36818,A,0.126568634,0.747138895,0.087442615,0.01424762,0,0.024602237,0.16028127,0.109330736,0.146185094,0.059167117,0.507221803,0,0.017813979
4503,12/31/2016,2016,INDL,C,D,STD,XOM,EXXON MOBIL CORP,USD,41416,9572,330314,167325,28932,0,30253,4849,47638,45873,156484,6505,244224,0,197518,173830,34041,A,0.125383726,0.739369206,0.09158861,0.014679971,0,0.028978487,0.144220348,0.103056486,0.138876947,0.087589385,0.506563452,0,0.019693383
4503,12/31/2017,2017,INDL,C,D,STD,XOM,EXXON MOBIL CORP,USD,47134,9767,348691,187688,24406,0,33466,5694,57771,45121,154191,6812,252630,0,237162,194500,26893,A,0.135174123,0.724509666,0.095976093,0.016329644,0,0.028010473,0.165679642,0.077125593,0.129401103,0.069993203,0.538264538,0,0.019535921
4503,12/31/2018,2018,INDL,C,D,STD,XOM,EXXON MOBIL CORP,USD,47973,10332,346196,191794,20538,0,34990,5800,57138,42748,147668,6734,247101,0,279332,198528,27244,A,0.138571792,0.713760413,0.101069914,0.016753515,0,0.029844366,0.165045234,0.078695306,0.123479185,0.059324776,0.55400409,0,0.019451409
4503,12/31/2019,2019,INDL,C,D,STD,XOM,EXXON MOBIL CORP,USD,50052,9730,362597,191650,30963,0,37833,5331,63989,43087,163659,7288,259651,0,255583,198938,25620,A,0.138037546,0.716087006,0.104338977,0.014702273,0,0.026834199,0.176474157,0.070656955,0.118828893,0.085392323,0.528548223,0,0.020099449
4503,12/31/2020,2020,INDL,C,D,STD,XOM,EXXON MOBIL CORP,USD,44893,10711,332750,157150,51311,0,38584,4931,56363,42781,168620,6980,233631,0,178574,164130,18165,A,0.134915101,0.702121713,0.115954921,0.014818933,0,0.032189331,0.169385424,0.054590533,0.128567994,0.154202855,0.472276484,0,0.020976709
4503,12/31/2021,2021,INDL,C,D,STD,XOM,EXXON MOBIL CORP,USD,59154,11940,338923,168577,47382,0,39551,5644,56643,39050,163240,7106,222634,0,276692,175683,20165,A,0.174535219,0.656886667,0.116696123,0.01665275,0,0.035229241,0.167126456,0.05949729,0.115217911,0.139801666,0.497390263,0,0.020966414
4503,12/31/2022,2022,INDL,C,D,STD,XOM,EXXON MOBIL CORP,USD,97631,10500,369067,195049,44752,0,42571,7222,69045,29923,166594,7424,211143,0,398675,202473,22874,A,0.264534624,0.572099375,0.11534762,0.019568263,0,0.028450119,0.187079853,0.061977906,0.08107742,0.121257116,0.528492117,0,0.020115589
6008,12/31/2010,2010,INDL,C,D,STD,INTC,INTEL CORP,USD,31611,847,63186,49430,2077,5391,1791,5647,9327,1426,13756,0,17899,0,43623,49430,926,A,0.500284873,0.283274776,0.028344887,0.089371063,0.085319533,0.013404868,0.147611813,0.014655145,0.02256829,0.032871206,0.782293546,0,0
6008,12/31/2011,2011,INDL,C,D,STD,INTC,INTEL CORP,USD,25872,1135,71119,45911,7084,15521,1669,3295,12028,3479,25208,0,23627,0,53999,45911,2617,A,0.363784643,0.332217832,0.023467709,0.046330798,0.218239852,0.015959167,0.169124988,0.03679748,0.048918011,0.0996077,0.645551822,0,0
6008,12/31/2012,2012,INDL,C,D,STD,INTC,INTEL CORP,USD,31358,1310,84351,51203,13136,15945,992,6763,12898,3702,33148,0,27983,0,53341,51203,3412,A,0.371756114,0.331744733,0.011760382,0.08017688,0.189031547,0.015530343,0.152908679,0.040450024,0.043888039,0.155730223,0.607023035,0,0
6008,12/31/2013,2013,INDL,C,D,STD,INTC,INTEL CORP,USD,32084,2229,92358,58256,13165,15663,1038,9916,13568,2972,34102,0,31428,0,52708,58256,4397,A,0.347387341,0.340284545,0.011238875,0.10736482,0.169590073,0.024134347,0.146906603,0.04760822,0.032179129,0.142543147,0.630762901,0,0
6008,12/31/2014,2014,INDL,C,D,STD,INTC,INTEL CORP,USD,27730,2930,91956,55865,12107,15307,1446,11305,16019,3278,35179,0,33238,912,55870,56777,3775,A,0.301557267,0.361455479,0.015724912,0.122939232,0.166460046,0.031863065,0.17420288,0.041052242,0.035647484,0.131660794,0.607518813,0.009917787,0
6008,12/31/2015,2015,INDL,C,D,STD,INTC,INTEL CORP,USD,40356,2252,103065,61085,20036,15265,1590,11744,15667,2841,41083,0,31858,897,55355,61982,2539,A,0.391558725,0.309105904,0.015427158,0.113947509,0.148110416,0.021850289,0.152010867,0.024634939,0.027565129,0.194401591,0.592684228,0.008703246,0
6008,12/31/2016,2016,INDL,C,D,STD,INTC,INTEL CORP,USD,35508,2434,113327,66226,20649,23593,1328,14293,20302,3538,46219,0,36171,882,59387,67108,1730,A,0.313323392,0.319173719,0.011718302,0.126121754,0.208185163,0.021477671,0.179145305,0.015265559,0.031219392,0.182207241,0.584379715,0.007782788,0
6008,12/31/2017,2017,INDL,C,D,STD,INTC,INTEL CORP,USD,29500,2242,123249,69019,25037,37134,1887,11377,17421,7860,53364,0,41109,866,62761,69885,3046,A,0.239352855,0.333544288,0.015310469,0.092309065,0.301292505,0.018190817,0.141348003,0.024714196,0.063773337,0.203141608,0.55999643,0.007026426,0
6008,12/31/2018,2018,INDL,C,D,STD,INTC,INTEL CORP,USD,28787,3942,127963,74563,25098,36349,1624,8285,16626,9592,52981,0,48976,419,70848,74982,1665,A,0.224963466,0.382735635,0.012691169,0.064745278,0.284058673,0.03080578,0.129928182,0.013011574,0.074959168,0.19613482,0.582691872,0.003274384,0
6008,12/31/2019,2019,INDL,C,D,STD,INTC,INTEL CORP,USD,31239,4371,136524,77504,25683,37103,37,7760,22310,8828,58865,0,56014,155,71965,77659,2044,A,0.228816911,0.410286836,0.000271015,0.056839823,0.271769066,0.032016349,0.163414491,0.014971727,0.064662623,0.18812077,0.567695057,0.001135332,0
6008,12/31/2020,2020,INDL,C,D,STD,INTC,INTEL CORP,USD,47249,5156,153091,81038,34251,35997,18,7483,24754,9205,72053,0,57188,0,77867,81038,3843,A,0.308633427,0.373555598,0.000117577,0.048879425,0.235134658,0.033679315,0.161694678,0.025102717,0.060127637,0.223729677,0.529345291,0,0
6008,12/31/2021,2021,INDL,C,D,STD,INTC,INTEL CORP,USD,57718,5466,168406,95391,33805,34233,16,7179,27462,9081,73015,0,63794,0,79024,95391,2667,A,0.342731257,0.378810731,9.50E-05,0.042629122,0.203276605,0.032457276,0.163070199,0.015836728,0.053923257,0.200735128,0.566434688,0,0
6008,12/31/2022,2022,INDL,C,D,STD,INTC,INTEL CORP,USD,50407,10828,182103,101423,37920,33609,10,5902,32155,8540,78817,1863,81347,0,63054,103286,202,A,0.276804885,0.446708731,5.49E-05,0.032410229,0.184560386,0.059460855,0.176575894,0.001109262,0.046896537,0.208233802,0.556954032,0,0.010230474
6066,12/31/2010,2010,INDL,C,D,STD,IBM,INTL BUSINESS MACHINES CORP,USD,48116,10853,113452,23046,21846,28625,122,11639,40562,27494,90280,126,14097,0,99871,23172,378,A,0.424108874,0.124255192,0.001075345,0.102589641,0.252309347,0.095661601,0.35752565,0.003331806,0.242340373,0.192557205,0.203134365,0,0.001110602
6066,12/31/2011,2011,INDL,C,D,STD,IBM,INTL BUSINESS MACHINES CORP,USD,50928,10775,116433,20138,22857,29605,131,11111,42123,30668,96197,98,13883,0,106916,20236,549,A,0.437401768,0.119235955,0.001125111,0.095428272,0.254266402,0.092542492,0.361778877,0.004715158,0.263396116,0.196310324,0.172957838,0,0.000841686
6066,12/31/2012,2012,INDL,C,D,STD,IBM,INTL BUSINESS MACHINES CORP,USD,49433,9389,119213,18860,24088,33033,120,13242,43625,32068,100229,124,13996,0,104507,18984,448,A,0.414661153,0.117403303,0.001006602,0.11107849,0.277092263,0.078758189,0.365941634,0.003757979,0.268997509,0.2020585,0.158204223,0,0.001040155
6066,12/31/2013,2013,INDL,C,D,STD,IBM,INTL BUSINESS MACHINES CORP,USD,51350,12758,126223,22792,32856,35055,110,13129,40154,28543,103294,137,13821,0,99751,22929,1741,A,0.406819676,0.109496684,0.000871474,0.104014324,0.277722761,0.101075081,0.318119519,0.013793049,0.226131529,0.260301213,0.18056931,0,0.001085381
6066,12/31/2014,2014,INDL,C,D,STD,IBM,INTL BUSINESS MACHINES CORP,USD,49422,11468,117532,11868,35074,33659,98,12114,39600,30556,105518,146,10771,0,92793,12014,288,A,0.420498247,0.091643127,0.000833815,0.103069802,0.286381581,0.097573427,0.336929517,0.002450396,0.259980261,0.298420856,0.100976755,0,0.001242215
6066,12/31/2015,2015,INDL,C,D,STD,IBM,INTL BUSINESS MACHINES CORP,USD,42504,10752,110495,14262,33428,35508,82,10922,34269,28121,96071,162,10727,0,81741,14424,253,A,0.38466899,0.097081316,0.000742115,0.098846102,0.321353907,0.09730757,0.31014073,0.002289696,0.254500204,0.302529526,0.129073714,0,0.00146613
6066,12/31/2016,2016,INDL,C,D,STD,IBM,INTL BUSINESS MACHINES CORP,USD,43888,12309,117470,18246,34655,40887,85,9471,36275,27723,99078,146,10830,0,79920,18392,425,A,0.373610283,0.092193752,0.000723589,0.08062484,0.348063335,0.1047842,0.308802247,0.003617945,0.236000681,0.295011492,0.155324764,0,0.001242871
6066,12/31/2017,2017,INDL,C,D,STD,IBM,INTL BUSINESS MACHINES CORP,USD,49735,13833,125356,17594,39837,40530,90,10052,37363,29886,107631,131,11116,0,79139,17725,545,A,0.396750056,0.088675452,0.000717955,0.080187626,0.323319187,0.110349724,0.298055139,0.004347618,0.238409011,0.317790931,0.140352277,0,0.001045024
6066,12/31/2018,2018,INDL,C,D,STD,IBM,INTL BUSINESS MACHINES CORP,USD,49146,14358,123382,16796,35605,39353,192,9541,38227,28925,106453,133,10792,0,79591,16929,3696,A,0.398323905,0.087468188,0.001556143,0.077328946,0.318952521,0.116370297,0.309826393,0.029955747,0.23443452,0.288575319,0.136130068,0,0.001077953
6066,12/31/2019,2019,INDL,C,D,STD,IBM,INTL BUSINESS MACHINES CORP,USD,38420,16093,152186,20841,57981,73457,184,9026,37701,30289,131201,144,15006,0,77147,20985,5230,A,0.252454234,0.098603025,0.001209047,0.059309003,0.48267909,0.105745601,0.247729752,0.034365842,0.199026192,0.380987739,0.136944266,0,0.000946211
6066,12/31/2020,2020,INDL,C,D,STD,IBM,INTL BUSINESS MACHINES CORP,USD,39165,20932,155971,20597,57929,73413,172,7563,39869,31974,135244,130,14726,0,73620,20727,5472,A,0.251104372,0.094414987,0.001102769,0.048489783,0.470683653,0.134204435,0.255618032,0.035083445,0.204999647,0.371408788,0.1320566,0,0.000833488
6066,12/31/2021,2021,INDL,C,D,STD,IBM,INTL BUSINESS MACHINES CORP,USD,29539,19579,132001,18901,47379,68155,159,5653,33619,28051,113005,95,8916,0,57350,18996,3956,A,0.223778608,0.067544943,0.001204536,0.042825433,0.516321846,0.148324634,0.254687464,0.02996947,0.212505966,0.358929099,0.143188309,0,0.000719692
6066,12/31/2022,2022,INDL,C,D,STD,IBM,INTL BUSINESS MACHINES CORP,USD,29118,16802,127243,21944,48379,67132,142,5837,31505,23046,105222,77,8212,0,60530,22021,2292,A,0.228837736,0.064537931,0.001115975,0.045872857,0.527588944,0.132046557,0.247597117,0.018012779,0.181118018,0.38020952,0.172457424,0,0.000605141
6266,12/31/2010,2010,INDL,C,D,STD,JNJ,JOHNSON & JOHNSON,USD,47307,9038,102908,56579,9156,32010,0,0,23072,12654,46329,0,14553,0,61587,56579,1447,A,0.45970187,0.141417577,0,0,0.311054534,0.087826019,0.224200257,0.014061103,0.122964201,0.088972675,0.549801765,0,0
6266,12/31/2011,2011,INDL,C,D,STD,JNJ,JOHNSON & JOHNSON,USD,54316,10313,113644,57080,12969,34276,0,0,22811,18984,56564,0,14739,0,65030,57080,1800,A,0.477948682,0.129694485,0,0,0.301608532,0.090748302,0.200723311,0.015838936,0.167047974,0.114119531,0.502270247,0,0
6266,12/31/2012,2012,INDL,C,D,STD,JNJ,JOHNSON & JOHNSON,USD,46116,7958,121347,64826,11489,51176,0,0,24262,17634,56521,0,16097,0,67224,64826,3136,A,0.380034117,0.132652641,0,0,0.421732717,0.065580525,0.199939018,0.025843243,0.145318797,0.094678896,0.534220047,0,0
6266,12/31/2013,2013,INDL,C,D,STD,JNJ,JOHNSON & JOHNSON,USD,56407,8488,132683,74053,13328,50745,0,333,25675,15638,58630,0,16710,0,71312,74053,3989,A,0.425126052,0.125939269,0,0.002509741,0.382452914,0.063972024,0.193506327,0.030064138,0.117859861,0.100449945,0.558119729,0,0
6266,12/31/2014,2014,INDL,C,D,STD,JNJ,JOHNSON & JOHNSON,USD,59311,5949,131119,69752,15122,49054,0,679,25085,18006,61367,0,16126,0,74331,69752,3154,A,0.452344817,0.122987515,0,0.005178502,0.374118167,0.045370999,0.19131476,0.024054485,0.137325635,0.115330349,0.531974771,0,0
6266,12/31/2015,2015,INDL,C,D,STD,JNJ,JOHNSON & JOHNSON,USD,60210,8409,133411,71150,12857,47393,0,1494,27747,19095,62261,0,15905,0,70074,71150,2562,A,0.451312111,0.119218055,0,0.011198477,0.355240572,0.063030785,0.207981351,0.019203814,0.143129127,0.096371364,0.533314344,0,0
6266,12/31/2016,2016,INDL,C,D,STD,JNJ,JOHNSON & JOHNSON,USD,65032,9706,141208,70418,22442,49681,0,877,26287,19151,70790,0,15912,0,71890,70418,2910,A,0.460540479,0.112684834,0,0.006210696,0.351828508,0.068735482,0.186158008,0.020607898,0.135622628,0.158928673,0.498682794,0,0
6266,12/31/2017,2017,INDL,C,D,STD,JNJ,JOHNSON & JOHNSON,USD,43088,11325,157303,60160,30675,85134,0,751,30537,27563,97143,0,17005,0,76450,60160,8368,A,0.273917217,0.108103469,0,0.004774226,0.541210276,0.071994813,0.194128529,0.053196697,0.175222342,0.195005817,0.382446616,0,0
6266,12/31/2018,2018,INDL,C,D,STD,JNJ,JOHNSON & JOHNSON,USD,46033,11311,152954,59752,27684,78064,0,511,31230,26782,93202,0,17035,0,81581,59752,7506,A,0.300959766,0.111373354,0,0.003340874,0.510375669,0.073950338,0.204179034,0.049073578,0.175098396,0.180995593,0.390653399,0,0
6266,12/31/2019,2019,INDL,C,D,STD,JNJ,JOHNSON & JOHNSON,USD,45274,10697,157728,59471,27210,81282,0,1860,35964,29125,98257,0,18615,0,82059,59471,5958,A,0.287038446,0.118019629,0,0.011792453,0.515330189,0.067819284,0.228012781,0.037773889,0.184653327,0.172512173,0.377047829,0,0
6266,12/31/2020,2020,INDL,C,D,STD,JNJ,JOHNSON & JOHNSON,USD,51237,11877,174894,63278,32635,89795,0,2219,42493,29274,111616,0,19766,0,82584,63278,7214,A,0.292960307,0.113017027,0,0.012687685,0.513425275,0.067909705,0.24296431,0.041247842,0.167381385,0.18659874,0.361807724,0,0
6266,12/31/2021,2021,INDL,C,D,STD,JNJ,JOHNSON & JOHNSON,USD,60979,17155,182018,74023,29985,81638,0,2384,45226,25297,107995,0,19862,0,93775,74023,7487,A,0.335016317,0.109121076,0,0.013097606,0.448516081,0.09424892,0.248469932,0.041133295,0.13898076,0.164736455,0.406679559,0,0
6266,12/31/2022,2022,INDL,C,D,STD,JNJ,JOHNSON & JOHNSON,USD,55294,16351,187378,76804,26888,93556,0,1274,55802,21510,110574,0,20903,0,94943,76804,6374,A,0.295093341,0.111555252,0,0.006799091,0.499290205,0.087262112,0.297804438,0.0340168,0.114794693,0.143496035,0.409888034,0,0
7257,12/31/2010,2010,INDL,C,D,STD,MRK,MERCK & CO,USD,29064,5132,105781,54376,15482,51834,494,2175,15641,10442,48976,2429,17082,0,45987,56805,7411,A,0.274756336,0.161484577,0.004670026,0.020561348,0.490012384,0.048515329,0.147862092,0.070059841,0.09871338,0.146358987,0.514043165,0,0.022962536
7257,12/31/2011,2011,INDL,C,D,STD,MRK,MERCK & CO,USD,33181,4849,105128,54517,15525,46457,886,3458,16245,10789,48185,2426,16297,0,48047,56943,5626,A,0.315624762,0.155020546,0.008427821,0.032893235,0.441908911,0.046124724,0.154525911,0.053515714,0.102627273,0.147677117,0.518577353,0,0.02307663
7257,12/31/2012,2012,INDL,C,D,STD,MRK,MERCK & CO,USD,34857,5423,106132,53020,16254,41217,1300,7305,18348,10327,50669,2443,16030,0,47267,55463,5740,A,0.328430634,0.15103833,0.012248898,0.068829382,0.388356009,0.051096747,0.172879056,0.054083594,0.097303358,0.153148909,0.499566577,0,0.023018505
7257,12/31/2013,2013,INDL,C,D,STD,MRK,MERCK & CO,USD,35685,7515,105645,49765,20539,36102,1600,9770,17868,8136,53319,2561,14973,0,44033,52326,6776,A,0.337782195,0.141729377,0.015145061,0.092479531,0.341729377,0.07113446,0.169132472,0.064139335,0.077012637,0.194415259,0.471058734,0,0.024241564
7257,12/31/2014,2014,INDL,C,D,STD,MRK,MERCK & CO,USD,33173,4716,98335,48647,18699,33378,337,13595,18766,7813,49544,144,13136,0,42237,48791,4266,A,0.337346825,0.133584177,0.003427061,0.138251894,0.339431535,0.047958509,0.190837443,0.043382316,0.079452891,0.190156099,0.494706869,0,0.001464382
7257,12/31/2015,2015,INDL,C,D,STD,MRK,MERCK & CO,USD,29764,5432,101779,44676,23929,40325,702,13049,19203,7345,57012,91,12507,0,39498,44767,6535,A,0.292437536,0.122883895,0.006897297,0.128209159,0.396201574,0.053370538,0.188673498,0.064207744,0.072166164,0.235107439,0.438951061,0,0.000894094
7257,12/31/2016,2016,INDL,C,D,STD,MRK,MERCK & CO,USD,30614,5139,95377,40088,24274,35467,715,11416,17204,8514,55069,220,12026,0,39807,40308,5077,A,0.320978852,0.126089099,0.007496566,0.119693427,0.371861141,0.053880915,0.180378917,0.053230863,0.089266804,0.254505803,0.420310976,0,0.002306636
7257,12/31/2017,2017,INDL,C,D,STD,MRK,MERCK & CO,USD,24766,5308,87872,34336,21353,32467,767,12125,18614,11117,53303,233,12439,0,40122,34569,2219,A,0.28184177,0.141558176,0.008728605,0.137984796,0.369480608,0.060406045,0.211830845,0.02525264,0.126513565,0.243001184,0.390750182,0,0.002651584
7257,12/31/2018,2018,INDL,C,D,STD,MRK,MERCK & CO,USD,25875,6986,82637,26701,19806,29684,0,6801,22206,12041,55755,181,13291,0,42294,26882,1702,A,0.313116401,0.160835945,0,0.082299696,0.359209555,0.084538403,0.268717403,0.020596101,0.145709549,0.239674722,0.323111923,0,0.002190302
7257,12/31/2019,2019,INDL,C,D,STD,MRK,MERCK & CO,USD,27483,5278,84397,25907,23504,33621,0,1889,22220,11202,58396,94,16126,0,46840,26001,1470,A,0.325639537,0.191073142,0,0.022382312,0.398367241,0.062537768,0.2632795,0.017417681,0.132729836,0.278493311,0.306965887,0,0.001113784
7257,12/31/2020,2020,INDL,C,D,STD,MRK,MERCK & CO,USD,27764,7900,91588,25317,26722,34842,0,1371,27327,11120,66184,87,19711,0,47994,25404,1015,A,0.303140149,0.215213783,0,0.01496921,0.380421016,0.086255841,0.298368782,0.011082238,0.121413286,0.291763113,0.276422675,0,0.000949906
7257,12/31/2021,2021,INDL,C,D,STD,MRK,MERCK & CO,USD,30266,7700,105694,38184,31915,44197,0,2666,23872,8209,67437,73,20865,0,48704,38257,3441,A,0.286354949,0.197409503,0,0.025223759,0.418159971,0.072851818,0.225859557,0.032556247,0.077667606,0.301956592,0.361269325,0,0.000690673
7257,12/31/2022,2022,INDL,C,D,STD,MRK,MERCK & CO,USD,35722,6752,109160,45991,29758,41473,0,2445,24239,7310,63102,67,22768,0,59283,46058,1795,A,0.327244412,0.208574569,0,0.022398314,0.379928545,0.061854159,0.222050202,0.016443752,0.066965922,0.272609014,0.421317332,0,0.000613778
7435,12/31/2010,2010,INDL,C,D,STD,MMM,3M CO,USD,12215,1193,30156,15663,4277,8640,84,745,6089,3575,14139,354,7279,0,26662,16017,198,A,0.405060353,0.241378167,0.002785515,0.024704868,0.286510147,0.03956095,0.2019167,0.006565858,0.118550206,0.141829155,0.519399125,0,0.011738957
7435,12/31/2011,2011,INDL,C,D,STD,MMM,3M CO,USD,12240,1545,31616,15420,4563,8963,98,1104,5441,5499,15754,442,7666,0,29611,15862,251,A,0.387145749,0.242472166,0.003099696,0.034919028,0.283495698,0.048867662,0.172096407,0.007939018,0.173930921,0.144325658,0.487727733,0,0.013980263
7435,12/31/2012,2012,INDL,C,D,STD,MMM,3M CO,USD,13630,1094,33876,17575,4987,9310,105,1359,6200,4482,15836,465,8378,0,29904,18040,167,A,0.402349746,0.247313732,0.003099539,0.040116897,0.274825835,0.03229425,0.183020427,0.004929744,0.132306057,0.147213366,0.518803873,0,0.013726532
7435,12/31/2013,2013,INDL,C,D,STD,MMM,3M CO,USD,12733,1461,33550,17502,4384,9033,69,1602,7498,3182,15602,446,8652,0,30871,17948,538,A,0.3795231,0.257883756,0.002056632,0.047749627,0.26923994,0.043546945,0.223487332,0.016035768,0.094843517,0.130670641,0.521669151,0,0.013293592
7435,12/31/2014,2014,INDL,C,D,STD,MMM,3M CO,USD,11765,1511,31269,13109,6790,8485,58,961,5998,5198,18127,33,8489,0,31821,13142,141,A,0.376251239,0.271482938,0.001854872,0.030733314,0.271355016,0.04832262,0.191819374,0.004509258,0.166234929,0.217147974,0.419233106,0,0.001055358
7435,12/31/2015,2015,INDL,C,D,STD,MMM,3M CO,USD,10986,1192,32718,11708,8799,11850,56,119,7118,4503,20971,39,8515,0,30274,11747,551,A,0.335778471,0.260254294,0.001711596,0.003637142,0.362185953,0.036432545,0.217556085,0.016840883,0.137630662,0.268934531,0.357845834,0,0.001192004
7435,12/31/2016,2016,INDL,C,D,STD,MMM,3M CO,USD,11726,965,32906,10298,10723,11486,60,153,6219,5476,22563,45,8516,0,30109,10343,145,A,0.356348386,0.258797788,0.001823376,0.004649608,0.349054884,0.029325959,0.188992889,0.004406491,0.16641342,0.325867623,0.312952045,0,0.001367532
7435,12/31/2017,2017,INDL,C,D,STD,MMM,3M CO,USD,14277,1182,37987,11563,12156,13449,70,143,7687,6287,26365,59,8866,0,31657,11622,235,A,0.375839103,0.233395635,0.001842736,0.003764446,0.354042172,0.031115908,0.202358702,0.006186327,0.165503988,0.320004212,0.304393608,0,0.001553163
7435,12/31/2018,2018,INDL,C,D,STD,MMM,3M CO,USD,13709,1089,36500,9796,13486,12708,70,186,7244,5643,26652,52,8738,0,32765,9848,279,A,0.375589041,0.23939726,0.001917808,0.00509589,0.348164384,0.029835616,0.198465753,0.007643836,0.15460274,0.369479452,0.268383562,0,0.001424658
7435,12/31/2019,2019,INDL,C,D,STD,MMM,3M CO,USD,12971,1411,44659,10063,18236,19823,70,193,9222,6774,34533,63,10191,0,32136,10126,301,A,0.290445375,0.228195884,0.001567433,0.004321637,0.443874695,0.031594975,0.20649813,0.006739963,0.151682752,0.408338745,0.225329721,0,0.00141069
7435,12/31/2020,2020,INDL,C,D,STD,MMM,3M CO,USD,14982,2306,47344,12867,18691,19637,134,0,7948,7441,34413,64,10285,0,32184,12931,333,A,0.316449814,0.217239777,0.002830348,0,0.414772727,0.048707334,0.167877661,0.007033626,0.157168807,0.394791315,0.271776783,0,0.001351808
7435,12/31/2021,2021,INDL,C,D,STD,MMM,3M CO,USD,15403,2479,47072,15046,16740,18774,129,0,9035,5722,31955,71,10287,0,35355,15117,458,A,0.327222128,0.218537559,0.002740483,0,0.398835826,0.052664004,0.191940007,0.009729776,0.121558464,0.355625425,0.319638001,0,0.001508328
7435,12/31/2022,2022,INDL,C,D,STD,MMM,3M CO,USD,14688,4190,46455,14722,14656,17489,81,0,9523,6947,31685,48,10007,0,34229,14770,559,A,0.316176945,0.215412765,0.001743623,0,0.376471854,0.090194812,0.20499408,0.01203315,0.149542568,0.315488107,0.316908837,0,0.001033258
8530,12/31/2010,2010,INDL,C,D,STD,PFE,PFIZER INC,USD,60468,4170,195014,87761,38410,101505,0,9748,28609,21082,106749,452,19123,52,67791,88265,18648,A,0.310070046,0.098059626,0,0.049986155,0.520501092,0.02138308,0.146702288,0.095623904,0.108105059,0.196960218,0.450024101,0.000266648,0.002317782
8530,12/31/2011,2011,INDL,C,D,STD,PFE,PFIZER INC,USD,57728,4979,188002,82145,34931,98900,0,9457,28069,22784,105381,431,16938,45,67425,82621,19597,A,0.307060563,0.090094786,0,0.050302656,0.526058233,0.026483761,0.149301603,0.104238253,0.1211902,0.185801215,0.436936841,0.000239359,0.002292529
8530,12/31/2012,2012,INDL,C,D,STD,PFE,PFIZER INC,USD,61415,5088,185798,81221,31036,90685,0,14149,28619,22872,104120,418,14461,39,58986,81678,21593,A,0.330547153,0.077831839,0,0.076152596,0.488083833,0.027384579,0.154032874,0.116217613,0.123101433,0.167041626,0.437146794,0.000209905,0.002249755
8530,12/31/2013,2013,INDL,C,D,STD,PFE,PFIZER INC,USD,56244,5150,172101,76274,30462,81904,0,16406,23366,16063,95481,313,12397,33,51584,76620,25590,A,0.326808095,0.072033283,0,0.095327744,0.47590659,0.029924289,0.135769112,0.148691757,0.093334728,0.177000715,0.443193241,0.000191748,0.001818699
8530,12/31/2014,2014,INDL,C,D,STD,PFE,PFIZER INC,USD,57702,5056,169274,71272,31541,77236,0,17518,21631,19499,97652,321,11762,29,49605,71622,24981,A,0.340879284,0.069484977,0,0.103489018,0.456277987,0.029868734,0.127786902,0.147577301,0.115191937,0.186331037,0.421045169,0.00017132,0.001896334
8530,12/31/2015,2015,INDL,C,D,STD,PFE,PFIZER INC,USD,43804,5293,167460,64694,28818,88598,0,15999,29399,17368,102462,278,13766,26,48851,64998,26877,A,0.261578885,0.082204706,0,0.095539233,0.529069629,0.031607548,0.175558342,0.160498029,0.10371432,0.172088857,0.386325093,0.000155261,0.001660098
8530,12/31/2016,2016,INDL,C,D,STD,PFE,PFIZER INC,USD,38949,5135,171615,59520,31398,107097,0,7116,31115,18509,111775,296,13318,24,52824,59840,30753,A,0.226955686,0.077603939,0,0.041464907,0.624053841,0.029921627,0.181306995,0.179197623,0.107851878,0.182956035,0.34682283,0.000139848,0.001724791
8530,12/31/2017,2017,INDL,C,D,STD,PFE,PFIZER INC,USD,41142,5082,171797,71287,33538,104693,0,7015,30427,32276,100141,348,13865,21,52546,71656,3900,A,0.239480317,0.080705717,0,0.040833076,0.609399466,0.029581425,0.177110194,0.022701211,0.187872896,0.195218776,0.414949039,0.000122237,0.002025647
8530,12/31/2018,2018,INDL,C,D,STD,PFE,PFIZER INC,USD,49926,4777,159422,63388,32909,88622,0,2712,31858,27197,95664,351,13385,19,53647,63758,3700,A,0.313168822,0.083959554,0,0.017011454,0.555895673,0.029964497,0.199834402,0.023208842,0.170597534,0.206426967,0.397611371,0.000119181,0.002201704
8530,12/31/2019,2019,INDL,C,D,STD,PFE,PFIZER INC,USD,32803,5412,167489,63126,37003,94023,17133,2838,37304,24157,104042,304,15280,17,51750,63447,5578,A,0.195851668,0.091229872,0.102293285,0.016944396,0.561368209,0.03231257,0.222725074,0.03330368,0.144230367,0.220927942,0.376896393,0.000101499,0.001815045
8530,12/31/2020,2020,INDL,C,D,STD,PFE,PFIZER INC,USD,35067,5749,154229,63238,38247,78048,16856,3216,25920,22526,90756,235,15293,0,41908,63473,4063,A,0.227369691,0.099157746,0.109292027,0.02085211,0.506052688,0.037275739,0.168061778,0.026343943,0.146055541,0.247988381,0.410026649,0,0.001523708
8530,12/31/2021,2021,INDL,C,D,STD,PFE,PFIZER INC,USD,59693,8375,181476,77201,38705,74354,16472,4860,42671,22288,104013,262,17722,0,81288,77463,349,A,0.328930547,0.097654786,0.090766823,0.026780401,0.409718089,0.046149353,0.23513302,0.001923119,0.122815138,0.213278891,0.425406114,0,0.001443717
8530,12/31/2022,2022,INDL,C,D,STD,PFE,PFIZER INC,USD,51259,16997,197205,95661,35482,94747,11033,3893,42138,22645,101288,256,19276,0,100330,95917,1023,A,0.259927487,0.097746,0.055946857,0.019740879,0.480449279,0.086189498,0.213676124,0.005187495,0.114829746,0.179924444,0.48508405,0,0.001298142
10115,12/31/2010,2010,INDL,C,D,STD,SYK,STRYKER CORP,USD,7631.4,641.9,10895.1,7173.6,996.5,1775.3,0,48.2,1605,776,3721.5,0,798.3,0,7320,7173.6,344,A,0.700443319,0.073271471,0,0.004424007,0.16294481,0.058916394,0.14731393,0.031573827,0.071224679,0.091463135,0.658424429,0,0
10115,12/31/2011,2011,INDL,C,D,STD,SYK,STRYKER CORP,USD,7211,741,12405,7683,1751,3514,0,51,1828,692,4722,0,888,0,8307,7683,451,A,0.581297864,0.071584039,0,0.004111245,0.283272874,0.059733978,0.147359936,0.036356308,0.055783958,0.141152761,0.619347037,0,0
10115,12/31/2012,2012,INDL,C,D,STD,SYK,STRYKER CORP,USD,8148,487,13206,8597,1746,3566,0,57,1876,805,4609,0,948,0,8657,8597,182,A,0.616992276,0.071785552,0,0.00431622,0.270028775,0.036877177,0.142056641,0.013781614,0.060957141,0.132212631,0.650991973,0,0
10115,12/31/2013,2013,INDL,C,D,STD,SYK,STRYKER CORP,USD,8335,422,15743,9047,2739,5833,0,72,2657,903,6696,0,1081,0,9021,9047,397,A,0.529441657,0.068665439,0,0.004573461,0.370513879,0.026805564,0.168773423,0.025217557,0.057358826,0.173982087,0.574668106,0,0
10115,12/31/2014,2014,INDL,C,D,STD,SYK,STRYKER CORP,USD,9673,658,17713,8595,3246,6204,0,80,4464,935,9118,0,1098,0,9675,8595,473,A,0.546096088,0.06198837,0,0.004516457,0.350251228,0.037147858,0.252018292,0.026703551,0.052786089,0.183255236,0.485236832,0,0
10115,12/31/2015,2015,INDL,C,D,STD,SYK,STRYKER CORP,USD,7944,1174,16247,8511,3253,5930,0,0,3503,945,7736,0,1199,0,9946,8511,35,A,0.488951806,0.07379824,0,0,0.36499046,0.072259494,0.215609036,0.002154244,0.058164584,0.200221579,0.523850557,0,0
10115,12/31/2016,2016,INDL,C,D,STD,SYK,STRYKER CORP,USD,7861,1141,20435,9550,6686,9864,0,0,3148,996,10885,0,1569,0,11325,9550,55,A,0.384683142,0.076780034,0,0,0.482701248,0.055835576,0.154049425,0.002691461,0.048739907,0.327183753,0.467335454,0,0
10115,12/31/2017,2017,INDL,C,D,STD,SYK,STRYKER CORP,USD,7993,1584,22197,9966,6590,10645,0,0,3485,2095,12217,14,1975,0,12444,9980,47,A,0.360093706,0.088975988,0,0,0.479569311,0.071360995,0.157003199,0.002117403,0.094382124,0.296886967,0.448979592,0,0.000630716
10115,12/31/2018,2018,INDL,C,D,STD,SYK,STRYKER CORP,USD,9733,2479,27229,11730,8486,12726,0,0,4807,2152,15499,0,2291,0,13601,11730,54,A,0.357449778,0.084138235,0,0,0.467369349,0.091042638,0.176539719,0.00198318,0.079033384,0.311653017,0.430790701,0,0
10115,12/31/2019,2019,INDL,C,D,STD,SYK,STRYKER CORP,USD,11360,2560,30167,12807,10532,13296,0,0,4400,2320,17360,0,2951,0,14884,12807,108,A,0.376570425,0.097822124,0,0,0.440746511,0.084860941,0.145854742,0.003580071,0.076905228,0.349123214,0.424536745,0,0
10115,12/31/2020,2020,INDL,C,D,STD,SYK,STRYKER CORP,USD,9707,3116,34330,13084,13555,18332,0,0,5041,2533,21246,0,3175,0,14351,13084,117,A,0.282755607,0.092484707,0,0,0.533993592,0.090766094,0.146839499,0.003408098,0.073783863,0.39484416,0.381124381,0,0
10115,12/31/2021,2021,INDL,C,D,STD,SYK,STRYKER CORP,USD,10017,3604,34631,14877,12782,17758,0,0,4549,2355,19754,0,3252,0,17108,14877,68,A,0.289249516,0.093904305,0,0,0.512777569,0.104068609,0.131356299,0.001963559,0.068002657,0.369091277,0.429586209,0,0
10115,12/31/2022,2022,INDL,C,D,STD,SYK,STRYKER CORP,USD,10275,3401,36884,16616,12214,19765,0,0,6303,1684,20268,0,3443,0,18449,16616,67,A,0.278576076,0.093346709,0,0,0.535869212,0.092208003,0.170887106,0.001816506,0.045656653,0.331146296,0.450493439,0,0
10867,12/31/2010,2010,INDL,C,D,STD,UNP,UNION PACIFIC CORP,USD,3432,266,43088,17763,9003,0,1137,0,2952,1813,25325,0,38253,0,16965,17763,11557,A,0.079650947,0.887787783,0.026387857,0,0,0.006173413,0.068510954,0.26821853,0.04207668,0.208944486,0.41224935,0,0
10867,12/31/2011,2011,INDL,C,D,STD,UNP,UNION PACIFIC CORP,USD,3727,260,45096,18578,8697,0,1175,0,3317,2136,26518,0,39934,0,19557,18578,12368,A,0.082645911,0.885533085,0.026055526,0,0,0.005765478,0.073554195,0.274259358,0.04736562,0.192855242,0.411965585,0,0
10867,12/31/2012,2012,INDL,C,D,STD,UNP,UNION PACIFIC CORP,USD,3614,283,47153,19877,8801,0,1259,0,3119,2248,27276,0,41997,0,20926,19877,13108,A,0.076644116,0.890653829,0.026700316,0,0,0.006001739,0.066146375,0.277988675,0.047674591,0.186647721,0.421542638,0,0
10867,12/31/2013,2013,INDL,C,D,STD,UNP,UNION PACIFIC CORP,USD,3990,671,49731,21225,8872,0,1321,0,3791,1680,28506,0,43749,0,21963,21225,14163,A,0.080231646,0.879712855,0.026562908,0,0,0.01349259,0.076230118,0.284792182,0.033781746,0.178399791,0.426796163,0,0
10867,12/31/2014,2014,INDL,C,D,STD,UNP,UNION PACIFIC CORP,USD,4679,375,52716,21189,11018,0,1390,0,3765,2064,31527,0,46272,0,23988,21189,14680,A,0.088758631,0.877760073,0.026367706,0,0,0.00711359,0.071420442,0.278473329,0.039153198,0.209006753,0.401946278,0,0
10867,12/31/2015,2015,INDL,C,D,STD,UNP,UNION PACIFIC CORP,USD,4130,194,54600,20702,13607,0,1410,0,3206,1844,33898,0,48866,0,21813,20702,15241,A,0.075641026,0.894981685,0.025824176,0,0,0.003553114,0.058717949,0.279139194,0.033772894,0.249212454,0.379157509,0,0
10867,12/31/2016,2016,INDL,C,D,STD,UNP,UNION PACIFIC CORP,USD,3596,276,55718,19932,14249,0,1457,0,3640,1901,35786,0,50389,0,19941,19932,15996,A,0.064539287,0.904357658,0.026149539,0,0,0.004953516,0.065328978,0.287088553,0.034118238,0.255734233,0.357729997,0,0
10867,12/31/2017,2017,INDL,C,D,STD,UNP,UNION PACIFIC CORP,USD,4006,386,57806,24856,16144,0,1809,0,3939,1931,32950,0,51605,0,21240,24856,10936,A,0.069300765,0.892727399,0.031294329,0,0,0.006677508,0.068141715,0.189184514,0.033404837,0.279278968,0.429989966,0,0
10867,12/31/2018,2018,INDL,C,D,STD,UNP,UNION PACIFIC CORP,USD,4163,393,59147,20423,20925,0,1912,0,4626,1871,38724,0,52679,0,22832,20423,11302,A,0.070383959,0.890645341,0.032326238,0,0,0.006644462,0.078211913,0.191083233,0.03163305,0.353779566,0.345292238,0,0
10867,12/31/2019,2019,INDL,C,D,STD,UNP,UNION PACIFIC CORP,USD,3459,436,61673,18128,25414,0,2050,0,4351,1788,43545,0,55728,0,21708,18128,11992,A,0.056086132,0.903604495,0.033239829,0,0,0.007069544,0.070549511,0.194444895,0.028991617,0.412076598,0.293937379,0,0
10867,12/31/2020,2020,INDL,C,D,STD,UNP,UNION PACIFIC CORP,USD,4214,249,62398,16958,26943,0,2164,0,4173,2077,45440,0,55771,0,19533,16958,12247,A,0.067534216,0.893794673,0.034680599,0,0,0.003990513,0.066877143,0.196272316,0.033286323,0.431792686,0.271771531,0,0
10867,12/31/2021,2021,INDL,C,D,STD,UNP,UNION PACIFIC CORP,USD,3551,1075,63525,14161,28992,0,2241,0,5744,1953,49364,0,56658,0,21804,14161,12675,A,0.055899252,0.891900826,0.03527745,0,0,0.016922471,0.090421094,0.199527745,0.030743802,0.456387249,0.22292011,0,0
10867,12/31/2022,2022,INDL,C,D,STD,UNP,UNION PACIFIC CORP,USD,3952,1412,65449,12163,32948,0,2375,0,5520,1785,53286,0,57710,0,24875,12163,13033,A,0.060382894,0.88175526,0.036287797,0,0,0.02157405,0.084340479,0.199132149,0.027273144,0.503414873,0.185839356,0,0
12141,6/30/2010,2010,INDL,C,D,STD,MSFT,MICROSOFT CORP,USD,55676,1501,86113,46175,4939,13552,0,7754,26147,8623,39938,0,7630,0,62484,46175,229,A,0.646545818,0.088604508,0,0.090044476,0.157374612,0.017430585,0.30363592,0.002659297,0.100135868,0.057354871,0.536214044,0,0
12141,6/30/2011,2011,INDL,C,D,STD,MSFT,MICROSOFT CORP,USD,74918,1434,108704,57083,11921,13325,0,10865,28774,9470,51621,0,8162,0,69943,57083,1456,A,0.68919267,0.075084634,0,0.099950324,0.122580586,0.013191787,0.264700471,0.013394171,0.087117309,0.109664778,0.525123271,0,0
12141,6/30/2012,2012,INDL,C,D,STD,MSFT,MICROSOFT CORP,USD,85084,1520,121271,66363,10713,16622,0,9776,32688,9614,54908,0,8269,0,73723,66363,1893,A,0.701602197,0.068186129,0,0.080612842,0.137064921,0.012533912,0.269545068,0.015609668,0.079276991,0.088339339,0.547228934,0,0
12141,6/30/2013,2013,INDL,C,D,STD,MSFT,MICROSOFT CORP,USD,101466,2392,142431,78944,12601,17738,0,10844,37417,11760,63487,0,9991,0,77849,78944,1709,A,0.712387051,0.070146246,0,0.076135111,0.124537495,0.016794097,0.262702642,0.011998792,0.082566295,0.088470909,0.554261362,0,0
12141,6/30/2014,2014,INDL,C,D,STD,MSFT,MICROSOFT CORP,USD,114246,3422,172384,89784,20645,27108,0,14597,45625,13602,82600,0,13011,0,86451,89784,2728,A,0.662741322,0.075476842,0,0.084677232,0.157253573,0.01985103,0.264670735,0.015825135,0.078905235,0.119761695,0.520837201,0,0
12141,6/30/2015,2015,INDL,C,D,STD,MSFT,MICROSOFT CORP,USD,124712,2953,176223,80083,27808,21774,0,12053,49858,15639,96140,0,14731,0,93580,80083,2835,A,0.707694228,0.083592948,0,0.068396293,0.123559354,0.016757177,0.282925611,0.016087571,0.08874551,0.15780006,0.454441248,0,0
12141,6/30/2016,2016,INDL,C,D,STD,MSFT,MICROSOFT CORP,USD,139660,3642,193694,71997,41544,21605,0,10431,59357,19320,121697,0,18356,0,85320,71997,1476,A,0.721034209,0.094768036,0,0.053852985,0.111541917,0.018802854,0.306447283,0.007620267,0.099744959,0.214482638,0.371704854,0,0
12141,6/30/2017,2017,INDL,C,D,STD,MSFT,MICROSOFT CORP,USD,159851,6250,241086,72394,78473,45228,0,6023,64527,25161,168692,0,23734,0,89950,72394,531,A,0.663045552,0.098446198,0,0.024982786,0.187601105,0.025924359,0.267651378,0.002202534,0.104365247,0.325497955,0.300282887,0,0
12141,6/30/2018,2018,INDL,C,D,STD,MSFT,MICROSOFT CORP,USD,169662,5642,258848,82718,81935,43736,0,3662,58488,35166,176130,0,36146,0,110360,82718,541,A,0.655450303,0.139641798,0,0.014147299,0.168964025,0.021796576,0.225955001,0.00209003,0.135855792,0.316537118,0.31956206,0,0
12141,6/30/2019,2019,INDL,C,D,STD,MSFT,MICROSOFT CORP,USD,175552,12523,286556,102330,79107,49776,0,4849,69420,35466,184226,0,43856,0,125843,102330,233,A,0.6126272,0.153045129,0,0.016921649,0.173704267,0.043701755,0.242256313,0.000813105,0.123766384,0.276061224,0.357102975,0,0
12141,6/30/2020,2020,INDL,C,D,STD,MSFT,MICROSOFT CORP,USD,181915,10438,301311,118304,76205,50389,0,5665,72310,34288,183007,0,52904,0,143015,118304,204,A,0.603744968,0.175579385,0,0.018801172,0.167232527,0.034641948,0.239984601,0.000677041,0.113796045,0.252911444,0.39263087,0,0
12141,6/30/2021,2021,INDL,C,D,STD,MSFT,MICROSOFT CORP,USD,184406,11675,333779,141988,71453,57511,0,9384,88657,31483,191791,0,70803,0,168088,141988,198,A,0.552479335,0.212125388,0,0.028114411,0.172302631,0.034978234,0.265615872,0.000593207,0.09432289,0.214072785,0.425395247,0,0
12141,6/30/2022,2022,INDL,C,D,STD,MSFT,MICROSOFT CORP,USD,169684,18097,364840,166542,72363,78822,0,10691,95082,30623,198298,0,87546,0,198270,166542,230,A,0.465091547,0.239957242,0,0.029303256,0.21604539,0.049602566,0.260612871,0.000630413,0.083935424,0.198341739,0.456479553,0,0
143357,8/31/2010,2010,INDL,C,D,STD,ACN,ACCENTURE PLC,USD,9563.625,1675.492,12835.253,2835.746,1.445,841.234,0,95.333,6567.604,2923.505,9560.53,438.977,659.569,0,23094.078,3274.723,67.976,A,0.745106076,0.0513873,0,0.007427434,0.065540897,0.130538292,0.511684811,0.005296039,0.227771513,0.000112581,0.220934172,0,0.034200884
143357,8/31/2011,2011,INDL,C,D,STD,ACN,ACCENTURE PLC,USD,11471.183,2253.548,15731.51,3878.951,0,1131.991,0,89.557,7906.589,3401.792,11380.638,471.921,785.231,0,27352.914,4350.872,72.257,A,0.72918512,0.049914535,0,0.005692842,0.07195692,0.143250584,0.502595682,0.004593138,0.216240653,0,0.246572071,0,0.029998455
143357,8/31/2012,2012,INDL,C,D,STD,ACN,ACCENTURE PLC,USD,12587.931,2042.276,16665.415,4145.833,0.022,1215.383,0,40.331,8109.205,3826.216,12040.987,478.595,779.494,0,29777.985,4624.428,105.544,A,0.755332585,0.046773153,0,0.002420042,0.072928457,0.122545763,0.486588843,0.006333116,0.229590202,0,0.248768663,0,0.028717857
143357,8/31/2013,2013,INDL,C,D,STD,ACN,ACCENTURE PLC,USD,11844.178,2362.532,16867.049,4960.186,25.6,1818.586,0,62.078,8160.99,3077.812,11439.22,467.643,779.675,0,30394.285,5427.829,174.818,A,0.702208074,0.046224743,0,0.00368043,0.10781886,0.140067892,0.483842194,0.010364469,0.182474836,0.001517752,0.294075508,0,0.027725241
143357,8/31/2014,2014,INDL,C,D,STD,ACN,ACCENTURE PLC,USD,11904.442,2343.97,17930.452,5731.977,26.403,2793.774,0,94.822,8158.079,3261.899,11645.115,553.302,793.444,0.058,31874.678,6285.337,198.734,A,0.66392314,0.044251199,0,0.005288322,0.155811688,0.13072565,0.45498457,0.011083602,0.181919508,0.001472523,0.319678333,0,0.030858229
143357,8/31/2015,2015,INDL,C,D,STD,ACN,ACCENTURE PLC,USD,11579.394,2429.512,18266.058,6133.667,25.587,3394.74,0,60.528,8532.199,2947.111,11618.487,513.846,801.884,0.058,32914.424,6647.571,113.59,A,0.633929554,0.043900222,0,0.003313687,0.185849623,0.133006914,0.467106751,0.006218638,0.16134357,0.001400795,0.335795879,0,0.028131193
143357,8/31/2016,2016,INDL,C,D,STD,ACN,ACCENTURE PLC,USD,11976.222,3289.874,20609.004,7555.205,24.457,4119.588,0,266.778,8878.924,3405.227,12419.628,634.114,956.542,0.057,34797.661,8189.376,111.02,A,0.581116002,0.046413791,0,0.01294473,0.199892629,0.159632848,0.430827419,0.005386966,0.165230062,0.001186714,0.366597289,0,0.030768784
143357,8/31/2017,2017,INDL,C,D,STD,ACN,ACCENTURE PLC,USD,12097.289,3486.721,22689.89,8949.42,22.163,5712.734,0,252.548,9824.279,2996.15,12979.69,760.723,1140.598,0.057,36765.478,9710.2,137.098,A,0.533157675,0.050268996,0,0.01113042,0.251774425,0.153668484,0.43298046,0.006042251,0.132047797,0.000976779,0.394423243,0,0.033526958
143357,8/31/2018,2018,INDL,C,D,STD,ACN,ACCENTURE PLC,USD,13585.559,3290.814,24449.083,10364.696,19.676,6070.122,0,238.568,10151.751,3427.339,13724.495,359.835,1264.02,0.057,41603.428,10724.588,125.729,A,0.555667425,0.051700099,0,0.009757748,0.24827606,0.134598668,0.415220113,0.005142483,0.140182722,0.000804775,0.423929846,0,0.01471773
143357,8/31/2019,2019,INDL,C,D,STD,ACN,ACCENTURE PLC,USD,15450.601,5590.469,29789.88,14408.951,16.247,7046.329,0,311.315,11061.896,3750.814,14962.189,418.683,1391.166,0.057,43215.013,14827.691,133.232,A,0.518652677,0.046699282,0,0.010450361,0.23653432,0.187663361,0.371330667,0.004472391,0.125909,0.000545387,0.483686104,0,0.014054538
143357,8/31/2020,2020,INDL,C,D,STD,ACN,ACCENTURE PLC,USD,17749.756,5493.114,37078.593,17000.479,2721.636,8739.038,240.446,127.325,12662.59,4015.491,19579.42,498.637,4728.914,0.057,44327.039,17499.173,179.703,A,0.478706298,0.127537579,0.006484766,0.003433922,0.23568958,0.148147854,0.341506756,0.004846543,0.108296747,0.073401814,0.458498493,0,0.01344811
143357,8/31/2021,2021,INDL,C,D,STD,ACN,ACCENTURE PLC,USD,19666.511,5483.049,43175.843,19529.397,2750.39,12836.799,184.157,183.703,15708.867,4375.836,23078.729,567.66,4821.624,0.057,50533.389,20097.114,243.636,A,0.45549802,0.111674114,0.004265279,0.004254763,0.29731438,0.126993444,0.363834633,0.005642878,0.101349173,0.063702057,0.452322309,0,0.01314763
143357,8/31/2022,2022,INDL,C,D,STD,ACN,ACCENTURE PLC,USD,21610.871,5545.927,47263.39,22106.04,2608.983,15064.101,164.164,200.652,17523.496,4065.239,24516.302,640.991,4677.675,0.057,61594.305,22747.088,318.584,A,0.457243355,0.098970366,0.003473386,0.0042454,0.31872663,0.117340864,0.370762571,0.006740608,0.086012429,0.055200928,0.467720153,0,0.013562104
147579,12/31/2010,2010,INDL,C,D,STD,NFLX,NETFLIX INC,USD,640.967,210.943,982.067,290.164,234.123,1.587,0,0,388.579,69.201,691.903,0,128.57,0,2162.625,290.164,0,A,0.652671355,0.130917748,0,0,0.001615979,0.214794917,0.395674633,0,0.070464642,0.238398195,0.29546253,0,0
147579,12/31/2011,2011,INDL,C,D,STD,NFLX,NETFLIX INC,USD,1830.857,1101.986,3069.196,642.81,431.8,0,0,0,1225.055,769.531,2426.386,0,136.353,0,3204.577,642.81,0,A,0.596526582,0.044426293,0,0,0,0.359047125,0.399145248,0,0.250727226,0.140688311,0.209439215,0,0
147579,12/31/2012,2012,INDL,C,D,STD,NFLX,NETFLIX INC,USD,2240.791,1595.418,3967.89,744.673,412.016,0,0,0,1675.926,1135.275,3223.217,0,131.681,0,3609.282,744.673,0,A,0.564731129,0.033186656,0,0,0,0.402082215,0.422372092,0,0.286115543,0.103837556,0.18767481,0,0
147579,12/31/2013,2013,INDL,C,D,STD,NFLX,NETFLIX INC,USD,3058.763,2220.195,5412.563,1333.561,529.5,0,0,0,2154.203,1395.299,4079.002,0,133.605,0,4374.562,1333.561,0,A,0.565122845,0.024684239,0,0,0,0.410192916,0.398000541,0,0.257788962,0.097827961,0.246382536,0,0
147579,12/31/2014,2014,INDL,C,D,STD,NFLX,NETFLIX INC,USD,3940.469,2966.307,7056.651,1857.708,928.4,0,0,0,2663.154,1607.389,5198.943,0,149.875,0,5504.656,1857.708,0,A,0.558404971,0.021238828,0,0,0,0.4203562,0.377396303,0,0.227783548,0.131563825,0.263256324,0,0
147579,12/31/2015,2015,INDL,C,D,STD,NFLX,NETFLIX INC,USD,5431.84,4597.619,10202.871,2223.426,2371.362,0,0,0,3529.624,2078.459,7979.445,0,173.412,0,6779.511,2223.426,0,A,0.532383483,0.016996392,0,0,0,0.450620124,0.345944196,0,0.203713151,0.232421051,0.217921603,0,0
147579,12/31/2016,2016,INDL,C,D,STD,NFLX,NETFLIX INC,USD,5720.291,7615.924,13586.61,2679.8,3364.311,0,0,0,4586.657,2955.842,10906.81,0,250.395,0,8830.669,2679.8,0,A,0.421024155,0.018429542,0,0,0,0.560546303,0.337586565,0,0.21755552,0.247619605,0.19723831,0,0
147579,12/31/2017,2017,INDL,C,D,STD,NFLX,NETFLIX INC,USD,7669.974,11022.064,19012.742,3581.956,6499.432,0,0,1.3,5466.312,3465.042,15430.786,0,319.404,0,11692.713,3581.956,0,A,0.403412301,0.016799471,0,0,0,0.579719853,0.28750782,0,0.18224841,0.341846116,0.188397655,0,0
147579,12/31/2018,2018,INDL,C,D,STD,NFLX,NETFLIX INC,USD,9694.135,15860.686,25974.4,5238.765,10360.058,0,0,1.298,6487.32,3888.257,20735.635,0,418.281,0,15794.341,5238.765,0,A,0.373218823,0.016103587,0,0,0,0.610627618,0.249758223,0,0.149695739,0.398856489,0.201689548,0,0
147579,12/31/2019,2019,INDL,C,D,STD,NFLX,NETFLIX INC,USD,6178.504,25698.662,33975.712,7582.157,16181.872,0,0,1.325,6855.696,3355.987,26393.555,0,2097.221,0,20156.447,7582.157,0,A,0.181850611,0.061727065,0,0,0,0.756383325,0.201782261,0,0.098776061,0.476277642,0.223164036,0,0
147579,12/31/2020,2020,INDL,C,D,STD,NFLX,NETFLIX INC,USD,9761.58,26520.617,39280.359,11065.24,17754.726,0,0,0.253,7805.785,2654.608,28215.119,0,2997.909,0,24996.056,11065.24,0,A,0.248510458,0.076320815,0,0,0,0.675162287,0.198719798,0,0.067581052,0.452000095,0.281699055,0,0
147579,12/31/2021,2021,INDL,C,D,STD,NFLX,NETFLIX INC,USD,8069.825,32744.666,44584.663,15849.248,17101.558,0,0,0.146,8488.966,3144.891,28735.415,0,3770.026,0,29697.844,15849.248,0,A,0.181000022,0.084558809,0,0,0,0.734437894,0.190401035,0,0.070537507,0.383574908,0.355486549,0,0
147579,12/31/2022,2022,INDL,C,D,STD,NFLX,NETFLIX INC,USD,9266.473,35702.794,48594.768,20777.401,16575.579,0,0,0.122,7930.974,3310.814,27817.367,0,3625.379,0,31615.55,20777.401,0,A,0.190688697,0.074604307,0,0,0,0.734704485,0.163206335,0,0.068131079,0.341098017,0.427564568,0,0
